{"cameraMode":{"drawMode":0,"name":"Shaded","section":"Shading Mode"},"sceneLighting":true,"audioPlay":false,"sceneViewState":{"showFog":true,"showMaterialUpdate":true,"showSkybox":true,"showFlares":true,"showImageEffects":true,"showParticleSystems":true},"in2DMode":false,"pivot":{"x":12.738652229309082,"y":2.45133113861084,"z":3.15099835395813},"rotation":{"x":-0.01741953007876873,"y":0.6547489762306213,"z":0.015177090652287007,"w":0.7556286454200745},"size":12.57038688659668,"orthographic":false}