{"cameraMode":{"drawMode":0,"name":"Shaded","section":"Shading Mode"},"sceneLighting":true,"audioPlay":false,"sceneViewState":{"showFog":true,"showMaterialUpdate":true,"showSkybox":false,"showFlares":true,"showImageEffects":true,"showParticleSystems":true},"in2DMode":false,"pivot":{"x":21.25362777709961,"y":9.914109230041504,"z":-22.608779907226564},"rotation":{"x":-0.011223392561078072,"y":0.9860302805900574,"z":0.15320029854774476,"w":0.06715712696313858},"size":12.12435531616211,"orthographic":false}