{"cameraMode":{"drawMode":0,"name":"Shaded","section":"Shading Mode"},"sceneLighting":false,"audioPlay":false,"sceneViewState":{"showFog":true,"showMaterialUpdate":true,"showSkybox":false,"showFlares":true,"showImageEffects":true,"showParticleSystems":true},"in2DMode":false,"pivot":{"x":-0.03046780824661255,"y":1.066033959388733,"z":-0.3455502986907959},"rotation":{"x":0.03175365924835205,"y":0.6344022750854492,"z":0.026080841198563577,"w":-0.7719436287879944},"size":1.7293992042541505,"orthographic":false}